{
    "env": "RandomizedGen3SidewaysFold-v0",
    "dimensions": [
      {
        "name": "size",
        "default": 0.004,
        "multiplier_min": 0.5,
        "multiplier_max": 2.0
      },
      {
        "name": "mass",
        "default": 0.01,
        "multiplier_min": 1.0,
        "multiplier_max": 1.0
      },
      {
        "name": "friction",
        "default": 1.30,
        "multiplier_min": 1.0,
        "multiplier_max": 1.0
      },
      {
        "name": "joint_damping",
        "default": 0.0005,
        "multiplier_min": 1.0,
        "multiplier_max": 1.0
      },
      {
        "name": "joint_stiffness",
        "default": 0.001,
        "multiplier_min": 1.0,
        "multiplier_max": 1.0
      },
      {
        "name": "tendon_damping",
        "default": 0.0005,
        "multiplier_min": 1.0,
        "multiplier_max": 1.0
      },
      {
        "name": "tendon_stiffness",
        "default": 0.001,
        "multiplier_min": 1.0,
        "multiplier_max": 1.0
      },
      {
        "name": "flat_inertia",
        "default": 0.01,
        "multiplier_min": 0.1,
        "multiplier_max": 10.0
      },
      {
        "name": "spacing",
        "default": 0.03,
        "multiplier_min": 0.85,
        "multiplier_max": 1.25
      },
      {
        "name": "cloth_count",
        "default": 11,
        "multiplier_min": 0.8,
        "multiplier_max": 1.4
      }
    ]
  }
  